1,318,1549278176,false
2,691,1547630888,true
3,909,1544358317,false
4,859,1552034856,false
5,838,1549059090,false
6,61,1553962381,false
7,687,1554275563,false
8,718,1554623533,true
9,845,1554149469,true
10,363,1560169156,false
11,417,1567448492,false
12,433,1553290005,true
13,80,1547312706,true
14,426,1544437303,false
15,810,1569004262,false
16,284,1554965043,true
17,214,1549312083,true
18,944,1572236810,true
19,896,1556815443,true
20,686,1560089199,false
21,171,1558800517,false
22,7,1554019740,true
23,535,1572510877,false
24,799,1561786691,false
25,83,1551838278,false
26,26,1546232687,true
27,407,1562809443,false
28,827,1560719899,true
29,400,1558536174,true
30,761,1566127576,false
31,215,1565745356,true
32,27,1557042221,true
33,422,1572326829,false
34,439,1573624638,true
35,225,1562023855,false
36,313,1567070204,false
37,515,1573968890,false
38,30,1559794167,true
39,956,1555793024,false
40,727,1571286357,true
41,734,1556574920,false
42,899,1561243596,true
43,192,1549783866,false
44,102,1571630156,false
45,258,1561714317,false
46,626,1571478629,false
47,708,1544696136,true
48,491,1564151410,false
49,377,1546038314,false
50,50,1569333578,false
51,779,1556284784,false
52,103,1570855093,true
53,131,1550840386,true
54,276,1560549426,false
55,123,1568718318,true
56,314,1551693715,true
57,387,1544851384,true
58,301,1559741475,false
59,663,1547177020,false
60,899,1571123181,false
61,439,1558026276,true
62,391,1573707358,false
63,756,1553252921,true
64,335,1561358132,false
65,790,1574492157,false
66,192,1562877761,true
67,348,1546720586,false
68,954,1547861476,false
69,640,1574719607,false
70,229,1552087323,false
71,283,1563799990,true
72,337,1558252788,true
73,970,1549431586,false
74,633,1570222026,false
75,626,1558536600,false
76,656,1563366015,true
77,47,1563597742,false
78,813,1564366915,false
79,94,1554251515,true
80,686,1558482190,true
81,196,1552147185,true
82,874,1544224127,true
83,40,1569079546,false
84,180,1546441306,false
85,961,1545449950,false
86,456,1570883439,true
87,936,1556808184,false
88,491,1543969344,true
89,272,1564548515,false
90,914,1546167527,false
91,828,1571356925,true
92,943,1558473437,true
93,884,1572323267,true
94,395,1567241051,true
95,479,1558044543,true
96,411,1561790161,true
97,958,1548918785,false
98,314,1549912145,false
99,872,1570015276,true
100,828,1554086595,false
101,222,1555446125,true
102,793,1556143138,false
103,967,1555710306,false
104,987,1559557872,true
105,761,1544083757,true
106,600,1550013184,true
107,79,1557929505,false
108,551,1564076395,false
109,910,1554088655,true
110,867,1560870785,false
111,318,1560320325,false
112,886,1550563772,false
113,437,1553543201,false
114,633,1570360402,true
115,471,1547868961,true
116,664,1560941524,true
117,774,1556242695,false
118,27,1569248020,true
119,15,1559044075,true
120,410,1564316671,false
121,963,1560436765,false
122,328,1572442514,false
123,166,1569688387,true
124,237,1565703062,true
125,66,1555764766,false
126,912,1553380392,true
127,956,1543893053,true
128,964,1564870330,true
129,222,1558111503,true
130,714,1555677211,false
131,37,1552668331,true
132,913,1570371764,false
133,599,1548155837,false
134,719,1553786995,false
135,799,1565762016,true
136,160,1557204123,false
137,841,1549542213,false
138,52,1561637862,true
139,46,1553846085,false
140,43,1552513685,true
141,667,1564087903,false
142,753,1555873310,false
143,183,1549944820,true
144,855,1565081310,false
145,778,1568732536,false
146,842,1561417673,true
147,590,1563810436,true
148,490,1571783014,false
149,680,1570508004,false
150,131,1573162944,false
151,252,1561914992,false
152,429,1562819630,true
153,759,1571392179,false
154,802,1569169765,false
155,679,1551877481,true
156,917,1551863989,false
157,58,1562252428,false
158,1,1571813769,true
159,376,1560268095,true
160,279,1545572091,true
161,902,1559805360,false
162,663,1543875467,true
163,352,1561412398,false
164,436,1570319837,false
165,719,1567637408,true
166,278,1568242500,true
167,101,1558759547,false
168,573,1548279129,true
169,193,1546539978,false
170,423,1564422437,true
171,926,1557354077,true
172,670,1550917890,true
173,768,1556527436,false
174,134,1564375698,true
175,675,1572774419,false
176,994,1573909783,true
177,37,1551771092,true
178,233,1573600237,true
179,45,1561611592,false
180,756,1548648081,false
181,952,1564555264,true
182,952,1553851888,true
183,629,1557551372,false
184,17,1546106692,false
185,234,1548906398,false
186,595,1567782884,true
187,51,1545674613,true
188,61,1567272286,false
189,701,1567263443,true
190,109,1544299548,false
191,211,1573004655,true
192,415,1558835682,true
193,43,1570354056,false
194,950,1566220783,false
195,255,1551679218,false
196,153,1548125206,false
197,739,1569908023,false
198,598,1567210830,true
199,770,1551498781,false
200,753,1567206776,true
201,42,1553527287,true
202,621,1561405332,true
203,734,1561930680,true
204,923,1544089107,false
205,98,1565960458,false
206,782,1561625960,true
207,959,1565083701,true
208,861,1556688515,false
209,199,1548847516,false
210,646,1575077731,false
211,820,1562938393,true
212,212,1545656031,false
213,194,1553429232,true
214,829,1556493552,false
215,451,1563634461,true
216,125,1547852881,false
217,164,1547546799,true
218,808,1556537069,true
219,155,1573114318,false
220,121,1552676118,true
221,972,1554498405,false
222,686,1565088940,true
223,503,1564923528,true
224,757,1555402518,true
225,928,1556531724,true
226,933,1563322853,false
227,471,1550763020,false
228,560,1567550947,false
229,735,1556211299,true
230,473,1573761563,true
231,555,1548732553,false
232,207,1548242339,true
233,327,1549101144,false
234,324,1555049990,true
235,307,1553435390,true
236,3,1567515235,true
237,905,1551688364,true
238,661,1560240354,false
239,927,1570548678,true
240,654,1568758558,true
241,291,1548162850,false
242,565,1546589865,false
243,906,1543905956,true
244,2,1575207183,false
245,159,1569911227,false
246,11,1567397866,true
247,909,1557145492,true
248,444,1555959502,false
249,547,1568920209,true
250,193,1574598170,true
251,928,1546526812,false
252,580,1555084608,false
253,836,1553254306,false
254,507,1568077732,false
255,388,1552683512,false
256,166,1564636037,false
257,611,1557933367,false
258,341,1567961368,true
259,453,1552560359,false
260,399,1545428183,true
261,891,1563420454,true
262,308,1571130402,true
263,4,1562420995,true
264,311,1568649998,true
265,378,1551971942,false
266,10,1557620242,false
267,420,1558320909,false
268,780,1567142396,false
269,307,1545727853,false
270,594,1550292924,true
271,504,1550610530,true
272,562,1566923053,false
273,119,1573788059,true
274,738,1548942968,true
275,453,1547152107,true
276,71,1575237747,false
277,186,1566412580,true
278,202,1572758055,false
279,244,1561108739,true
280,389,1571185907,false
281,93,1564877102,false
282,567,1569956305,true
283,149,1556359142,true
284,685,1560158341,false
285,91,1558965002,true
286,325,1575086341,false
287,897,1569967486,true
288,427,1567888628,true
289,44,1567179453,false
290,812,1567009973,true
291,909,1548454423,false
292,219,1572523543,false
293,466,1573725591,false
294,742,1570873866,false
295,411,1571604055,true
296,273,1565581798,true
297,439,1547491394,true
298,2,1551233599,false
299,702,1548396821,false
300,366,1551745884,true
301,587,1572841713,false
302,506,1566930659,false
303,409,1558704027,false
304,338,1554577451,true
305,119,1553003517,false
306,828,1547689196,false
307,898,1546689661,true
308,800,1568423999,false
309,160,1559738342,true
310,836,1551797159,true
311,480,1555452842,true
312,372,1560826465,false
313,263,1550982089,false
314,134,1572534185,false
315,588,1548364799,false
316,801,1571628503,false
317,787,1561208500,true
318,394,1547293082,true
319,693,1574196384,true
320,328,1550217011,false
321,5,1548667095,true
322,953,1559829972,true
323,323,1558462688,false
324,586,1546043254,false
325,165,1557042405,true
326,273,1563980771,true
327,24,1570378127,true
328,820,1549781934,true
329,741,1549494973,true
330,424,1544848568,false
331,555,1546345042,false
332,224,1558503741,true
333,444,1548432595,false
334,407,1559772256,true
335,373,1566403430,false
336,170,1551082151,false
337,689,1554491215,true
338,395,1559580275,true
339,635,1563541682,false
340,277,1566843650,true
341,413,1561930424,false
342,614,1569161505,true
343,998,1564296787,false
344,269,1573786119,false
345,429,1562368213,true
346,12,1562012727,true
347,346,1563828372,false
348,260,1563361040,false
349,472,1553869172,false
350,152,1558218799,false
351,887,1558081805,true
352,720,1558755300,true
353,976,1569366100,true
354,82,1567005163,true
355,613,1567679491,true
356,139,1569024021,true
357,296,1573646579,false
358,918,1564785212,true
359,984,1570782889,false
360,379,1556532972,false
361,20,1567728252,false
362,66,1572737002,false
363,815,1570002071,true
364,212,1555000830,true
365,521,1560174914,false
366,791,1565702478,true
367,755,1549652194,false
368,955,1561984268,true
369,292,1555301032,true
370,396,1563913345,true
371,740,1550226308,false
372,302,1569573709,true
373,211,1551188867,false
374,354,1574864123,true
375,442,1572401692,false
376,628,1548820612,false
377,908,1549140708,true
378,628,1570511020,false
379,582,1549491444,true
380,400,1566590049,false
381,512,1572325916,true
382,180,1572645868,false
383,92,1571751372,false
384,799,1553477367,true
385,787,1574527731,true
386,278,1568029416,true
387,538,1571351750,false
388,155,1564011563,true
389,227,1571527401,true
390,220,1568272396,true
391,267,1567918329,true
392,502,1558330845,true
393,310,1562090324,false
394,290,1544494176,true
395,956,1549821366,false
396,109,1547501287,false
397,956,1555125254,false
398,357,1556812437,false
399,995,1551924899,true
400,785,1574156672,false
401,419,1558891558,false
402,25,1566920364,true
403,923,1562455146,true
404,896,1570211412,true
405,811,1553168622,true
406,333,1565523694,false
407,210,1556720930,false
408,801,1559941135,false
409,84,1551238048,false
410,9,1553450165,false
411,760,1544155064,true
412,719,1567234043,false
413,34,1562474224,true
414,44,1555886969,false
415,218,1552741055,false
416,900,1555570127,false
417,593,1547202310,true
418,254,1574784571,true
419,139,1545551202,true
420,37,1565785971,true
421,150,1555266595,true
422,708,1547999342,false
423,454,1545138629,true
424,907,1553472696,false
425,37,1562091083,false
426,787,1558611903,true
427,558,1573749075,false
428,362,1573631479,false
429,778,1559105557,true
430,332,1565890498,false
431,815,1559489621,true
432,647,1553863925,false
433,726,1548287684,false
434,792,1570140843,false
435,529,1547081243,false
436,651,1557010307,true
437,733,1552415259,false
438,738,1553723983,false
439,195,1557686117,false
440,375,1549178998,true
441,266,1568786457,false
442,946,1557666443,true
443,603,1574043952,false
444,851,1544896501,true
445,198,1575159453,false
446,521,1563792706,true
447,884,1571093380,true
448,677,1560283778,true
449,546,1557801919,false
450,589,1561920837,false
451,802,1555362586,false
452,548,1549080990,true
453,184,1555590458,true
454,23,1555180992,false
455,540,1557563228,false
456,904,1553496465,true
457,184,1546834080,false
458,909,1565976430,false
459,691,1552074311,true
460,286,1572807585,false
461,103,1567519820,true
462,342,1566558950,false
463,452,1568882761,false
464,323,1574027466,false
465,231,1568329016,true
466,740,1566576760,true
467,628,1543915227,false
468,808,1546964613,true
469,978,1566759467,false
470,678,1569480779,true
471,758,1544086003,false
472,660,1548518608,false
473,505,1571820404,false
474,55,1544144208,true
475,498,1559839843,true
476,169,1555401173,true
477,375,1552565683,true
478,626,1546804847,true
479,93,1568461932,false
480,282,1552510045,true
481,434,1550631157,false
482,104,1574930882,false
483,373,1561248116,true
484,710,1565086366,true
485,801,1553481127,false
486,493,1546037750,false
487,804,1546765342,true
488,537,1563873209,false
489,11,1556654025,false
490,538,1549183517,false
491,431,1561618985,false
492,580,1567355343,true
493,852,1547133813,true
494,671,1544788567,false
495,696,1571956231,false
496,954,1573455350,true
497,705,1570883157,true
498,207,1547027005,true
499,190,1556290883,true
500,547,1555547173,true
501,495,1548346128,true
502,426,1565124147,true
503,981,1569014604,true
504,822,1552500935,true
505,770,1553070591,false
506,711,1560280643,true
507,104,1544987278,false
508,68,1574793365,false
509,471,1551821581,true
510,114,1551889057,false
511,333,1552482306,true
512,653,1566675459,false
513,266,1559564528,false
514,193,1567021375,false
515,721,1550451224,true
516,756,1551806689,true
517,643,1548534707,false
518,582,1559856700,false
519,652,1545295127,false
520,595,1573521901,true
521,322,1573146537,true
522,312,1550099806,true
523,552,1569203696,true
524,349,1573253430,true
525,332,1553102093,false
526,930,1570586128,true
527,836,1558994642,true
528,30,1559240914,true
529,456,1567813313,false
530,763,1559216378,false
531,67,1546392448,false
532,897,1553084334,false
533,393,1570994781,true
534,4,1566208937,true
535,568,1549166520,false
536,125,1546596015,false
537,104,1549923206,false
538,991,1545621402,false
539,705,1549407328,false
540,270,1569974710,false
541,976,1565503392,true
542,353,1545684163,true
543,44,1574339814,true
544,645,1547294460,false
545,222,1546985155,false
546,859,1570192947,true
547,706,1551274098,false
548,953,1555292667,true
549,563,1567042656,true
550,841,1560593882,false
551,534,1567045471,true
552,155,1566603673,false
553,712,1559409446,false
554,887,1565784810,false
555,799,1563489712,false
556,298,1569865574,true
557,44,1559701612,true
558,996,1569485598,false
559,646,1571151613,true
560,960,1574226041,true
561,878,1549954109,true
562,987,1551888241,true
563,520,1555266223,true
564,153,1559235939,false
565,366,1554628726,false
566,392,1544730945,false
567,214,1572913900,true
568,169,1553823781,true
569,430,1568585196,false
570,766,1553884564,false
571,186,1569766458,false
572,463,1561942611,false
573,893,1562183403,true
574,368,1565553050,true
575,582,1570000552,false
576,951,1550883460,false
577,172,1561062518,true
578,694,1549910087,false
579,350,1563592710,false
580,982,1549519474,true
581,492,1548518141,true
582,288,1570649586,false
583,308,1555353369,true
584,560,1571966402,false
585,412,1546749833,true
586,74,1566050560,true
587,991,1561068795,true
588,984,1563826472,false
589,739,1552636354,true
590,673,1546356039,true
591,481,1560325659,false
592,839,1546888623,false
593,262,1547438750,false
594,220,1567588632,false
595,202,1561380178,true
596,160,1566370146,false
597,603,1545567008,true
598,157,1559910941,false
599,348,1559177290,false
600,747,1550890651,false
601,988,1564083272,true
602,706,1553826672,false
603,575,1564131493,true
604,968,1568022363,false
605,257,1559495043,false
606,995,1547141870,true
607,639,1573781515,false
608,55,1557428670,false
609,484,1560499607,true
610,30,1547409465,true
611,995,1573751158,true
612,543,1574849834,true
613,693,1546573568,true
614,517,1557265562,true
615,243,1571168283,false
616,610,1566739715,true
617,667,1571877391,true
618,234,1567305642,false
619,466,1544962438,true
620,979,1564594678,true
621,957,1544960605,false
622,874,1565281365,false
623,667,1562497326,false
624,742,1556206823,true
625,863,1553067759,true
626,260,1567265959,true
627,669,1557615603,true
628,903,1563824766,false
629,603,1565426119,true
630,422,1571994236,false
631,76,1553421876,true
632,973,1565231087,false
633,653,1550087715,true
634,607,1555895945,true
635,945,1567308831,true
636,904,1560622915,true
637,786,1546744766,false
638,963,1545889786,false
639,35,1570525377,false
640,338,1554834664,true
641,789,1548846800,true
642,775,1550203199,true
643,509,1555181150,true
644,79,1573806302,true
645,546,1566796089,true
646,225,1570903253,true
647,930,1559067429,true
648,562,1555309171,false
649,37,1568943404,false
650,770,1559510614,true
651,146,1571656541,false
652,407,1554755718,false
653,942,1554316500,false
654,271,1559142664,true
655,865,1552515567,false
656,788,1570419071,true
657,497,1573572178,false
658,466,1563315229,true
659,315,1544314656,true
660,937,1557304138,false
661,571,1569965825,false
662,123,1560736385,false
663,212,1566753418,false
664,280,1566110314,true
665,721,1545688743,true
666,51,1573868691,false
667,217,1565619568,false
668,106,1546671404,true
669,868,1566710004,true
670,57,1550486992,false
671,192,1565947828,true
672,951,1567261549,true
673,464,1551827677,true
674,213,1550874406,false
675,297,1546498182,false
676,835,1548774907,false
677,123,1571225768,true
678,637,1565264472,true
679,631,1559324249,true
680,866,1566935796,false
681,381,1574630351,true
682,932,1550538967,true
683,685,1553219064,true
684,124,1565953337,true
685,869,1566631214,true
686,68,1565701201,false
687,800,1560656458,false
688,783,1558166393,true
689,133,1575148473,false
690,615,1546486081,true
691,992,1565239252,true
692,543,1573684020,false
693,304,1564832807,false
694,256,1560452200,true
695,293,1574741480,false
696,312,1549928298,false
697,53,1545829380,false
698,169,1569455716,false
699,951,1569939148,true
700,852,1565444555,true
701,388,1554782545,false
702,684,1570416403,true
703,867,1547960364,false
704,316,1554073518,true
705,222,1556491363,false
706,28,1564333080,false
707,136,1568257496,false
708,822,1566894807,true
709,193,1556784875,false
710,727,1565534886,true
711,673,1547671910,false
712,531,1573416892,true
713,666,1551165227,false
714,401,1560243897,false
715,364,1555326591,false
716,904,1563184257,true
717,202,1556864936,false
718,101,1568908358,true
719,223,1557924407,true
720,55,1565776644,true
721,680,1558910225,false
722,647,1550866894,true
723,452,1568158316,false
724,11,1574575247,false
725,359,1554692340,true
726,48,1555943531,true
727,655,1554229270,true
728,302,1572374789,false
729,176,1569907910,false
730,555,1564770885,true
731,873,1551961820,true
732,977,1560075658,true
733,623,1554797795,true
734,746,1572169498,false
735,987,1548247503,true
736,584,1558665189,true
737,588,1572690095,false
738,167,1548127874,true
739,875,1555980850,true
740,35,1558206682,true
741,153,1561800557,true
742,735,1569488460,false
743,373,1559151874,true
744,69,1560761242,true
745,340,1548383211,true
746,833,1574313326,true
747,55,1564657214,true
748,725,1544943253,false
749,836,1575032151,false
750,324,1553241559,false
751,103,1545603386,true
752,609,1574340906,true
753,81,1554643823,false
754,61,1548573673,true
755,175,1544811146,true
756,174,1544399453,true
757,537,1574738962,false
758,957,1548370709,true
759,599,1550678064,true
760,333,1561677284,true
761,346,1554978664,true
762,210,1568242519,true
763,846,1551504455,false
764,154,1575175407,true
765,963,1561415392,false
766,115,1567686078,true
767,582,1561232360,false
768,831,1548970746,false
769,842,1554425891,false
770,586,1561179603,true
771,519,1551171048,true
772,833,1571760368,true
773,215,1551830199,false
774,859,1572379239,true
775,334,1557496915,true
776,114,1545663146,true
777,108,1546137203,true
778,165,1554790073,true
779,794,1563108245,false
780,523,1566761892,true
781,778,1548170815,true
782,471,1558414247,true
783,332,1551480663,true
784,770,1551520186,true
785,725,1575210472,false
786,255,1546488198,true
787,646,1549150209,false
788,110,1571819424,false
789,403,1544039537,false
790,987,1549444331,true
791,193,1558709210,true
792,391,1564889941,true
793,842,1567735936,false
794,389,1551777723,true
795,902,1561341474,false
796,986,1558711844,true
797,51,1560918874,false
798,361,1552596316,true
799,210,1559210406,true
800,877,1574963304,true
801,627,1570185099,true
802,711,1548970788,true
803,770,1551093949,false
804,54,1571559794,true
805,870,1545254278,true
806,923,1547834584,false
807,460,1560884290,false
808,405,1572907050,false
809,592,1554992440,true
810,918,1568018788,false
811,308,1560562769,false
812,279,1551902596,false
813,199,1560020118,true
814,353,1573926657,false
815,329,1552787152,false
816,775,1569322429,true
817,63,1547154989,false
818,850,1550667851,true
819,519,1543883596,false
820,612,1553506509,false
821,954,1556451553,false
822,382,1573354990,true
823,652,1555572796,true
824,270,1549832366,true
825,568,1559028055,false
826,7,1553886872,false
827,60,1554113470,false
828,272,1557449244,false
829,499,1574992159,false
830,938,1566833680,false
831,234,1547189828,true
832,7,1548958513,true
833,285,1544695356,false
834,914,1551089214,true
835,947,1573171807,true
836,145,1553236477,true
837,442,1562273708,false
838,276,1557500564,true
839,174,1562997044,true
840,769,1574362709,true
841,753,1566449518,false
842,438,1570750509,true
843,825,1560295216,false
844,2,1550592038,false
845,768,1553326999,true
846,309,1556024471,true
847,144,1566651295,true
848,687,1570724812,false
849,405,1554994512,false
850,295,1547923373,false
851,832,1560586422,true
852,877,1552574059,true
853,509,1574917459,true
854,300,1551113368,false
855,919,1560303003,true
856,951,1573918827,false
857,921,1556584313,true
858,504,1561258786,false
859,560,1560287649,false
860,481,1561753749,false
861,523,1556715586,true
862,965,1557284787,true
863,111,1546978976,false
864,911,1556271989,true
865,33,1553517096,false
866,630,1556616660,true
867,473,1568507501,false
868,387,1566508157,false
869,501,1571714484,false
870,106,1554311890,false
871,952,1574354719,false
872,679,1549500190,false
873,417,1546573685,true
874,746,1553105876,false
875,568,1565937909,true
876,208,1573272015,true
877,107,1573276305,false
878,900,1561014056,false
879,437,1564751106,false
880,964,1574934490,false
881,458,1564751099,true
882,811,1551042136,false
883,538,1555723551,false
884,629,1568976174,true
885,924,1557832589,false
886,289,1549436266,false
887,862,1570242115,false
888,720,1565027979,false
889,271,1549843557,false
890,609,1553798291,false
891,358,1555382136,true
892,948,1560577907,false
893,874,1556809647,true
894,935,1573297675,true
895,250,1565572646,true
896,42,1545529456,true
897,513,1553483745,true
898,954,1559508423,false
899,970,1549976367,true
900,515,1556186580,false
901,456,1553484825,false
902,330,1557091421,true
903,722,1549280073,true
904,814,1574653804,false
905,325,1567790267,false
906,703,1563977146,true
907,56,1569613626,false
908,788,1546021345,true
909,965,1564603144,true
910,753,1556049347,false
911,504,1571587700,true
912,605,1556109911,false
913,292,1544556306,true
914,289,1574052735,true
915,919,1544107296,false
916,103,1549943032,true
917,258,1571695329,false
918,254,1562268322,true
919,217,1561538972,true
920,641,1549911040,true
921,82,1553057211,true
922,514,1562110367,true
923,895,1573619162,true
924,655,1545722178,false
925,589,1560325765,false
926,551,1574738398,false
927,764,1567774834,true
928,263,1552833818,true
929,60,1566486033,false
930,444,1562927527,false
931,761,1554652297,true
932,570,1543972006,true
933,257,1559174325,false
934,792,1572421752,false
935,538,1547611033,true
936,769,1574632414,false
937,677,1568227120,true
938,916,1559021455,false
939,949,1558677719,true
940,483,1566242826,false
941,559,1571406604,false
942,27,1573852236,true
943,295,1566008903,false
944,495,1547260544,false
945,65,1565203240,true
946,353,1572664109,false
947,272,1562466649,false
948,606,1567441049,true
949,818,1560165257,false
950,932,1549848256,false
951,238,1549230433,false
952,558,1571576708,false
953,360,1546439859,false
954,577,1565856130,false
955,572,1564915303,false
956,570,1553368177,false
957,154,1548027879,false
958,918,1561170492,true
959,289,1569044264,true
960,627,1553614039,true
961,71,1551386381,true
962,2,1546367837,true
963,479,1556826097,false
964,963,1554583354,true
965,929,1558473158,true
966,99,1553672817,false
967,675,1545924162,false
968,228,1567347778,false
969,191,1564138604,false
970,727,1545551874,true
971,922,1572626782,true
972,105,1556790296,true
973,604,1570146156,false
974,580,1574106874,false
975,775,1548026493,false
976,441,1550295049,true
977,748,1545896592,false
978,882,1550192078,true
979,548,1570674569,false
980,175,1556509596,true
981,101,1560912924,true
982,690,1553080304,true
983,670,1551041849,false
984,675,1545733388,false
985,440,1574336500,true
986,555,1547447026,false
987,417,1570002358,true
988,957,1558479939,true
989,912,1561974830,false
990,699,1552034548,true
991,479,1549177590,true
992,869,1557172626,true
993,496,1555508387,false
994,500,1546731509,false
995,651,1573680191,false
996,791,1544283934,true
997,695,1565473851,true
998,96,1571488776,true
999,553,1554359585,false
1000,274,1568273599,false
